Actual_LapTime,LinearRegression_Predicted,RandomForest_Predicted
80.54,78.74425652629368,80.77527999999997
94.59,94.22883041678963,93.59956999999991
81.642,82.92730279509792,85.83905999999992
100.391,101.18705021065955,99.55914000000001
82.885,83.06413391523822,82.97789
79.1,78.14168447823012,78.19998999999993
82.607,82.75207017361114,82.72768999999992
78.081,77.43127639421559,77.15382000000001
95.964,95.8510650508707,95.59535000000004
98.658,98.33932937132965,101.25004999999997
80.267,81.17214024872507,80.92052999999996
98.01,97.34797888243187,98.13981000000001
82.85,83.06019500106166,82.96910999999999
82.022,82.9220037587706,82.50161999999995
97.763,97.62285145019578,97.10658000000001
93.194,93.82971147121624,93.33487
82.655,82.74541227444922,82.87198000000004
82.673,82.67260818037704,82.94317999999993
101.024,101.06650398126031,100.85031999999997
93.184,92.35297639791739,92.93601999999996
78.137,78.71418178114848,77.48457000000003
91.519,92.2603009607633,91.74004999999997
81.222,81.22228217743825,81.2041400000001
81.33,81.9596630080789,81.07406000000003
83.807,83.6125410467421,84.42522000000002
91.593,91.84046621442957,92.0966
78.308,78.55583283540882,77.905
82.964,82.07875062353807,84.22397000000001
81.499,80.72464866655338,81.06080000000001
98.406,101.35117253798356,99.53845999999997
81.748,81.20652242491883,81.91754999999998
83.551,82.60198549933267,83.14480000000003
82.928,82.99978315302933,82.8378700000001
87.861,83.66815529920726,88.53540000000002
82.224,82.39109500410154,82.02183999999997
93.75,93.81430440652093,93.71099999999997
80.801,81.08373280415817,80.87464999999996
82.184,81.78100896420375,81.83271000000002
95.545,96.60357312348918,95.23355999999998
92.406,92.45410552788786,92.44220999999997
98.823,98.61900169700482,98.00935999999997
96.118,94.22910040840034,95.97195000000002
82.823,83.12546663522858,82.99696000000003
92.348,92.35657588415062,92.81285999999999
82.922,83.30900454652577,82.7274799999999
95.568,95.97467254728468,95.76789000000002
95.8,95.55162978779288,95.89943000000002
93.871,94.36560759878547,93.59219999999992
82.153,80.97767367331227,81.14616
91.1,91.81583601323372,91.28328000000002
78.473,77.65408563592746,78.41330999999997
94.221,94.35062016892611,94.36556
98.236,98.73462525479187,98.51669000000001
99.261,98.26723100373803,98.96935000000003
97.046,97.113860024595,97.01053999999995
96.622,97.16711652629719,96.88165999999995
93.545,94.90671969481501,94.77894999999998
81.371,82.71422155010926,81.64139000000003
92.716,93.38595555351506,93.16848
92.552,93.8427463115208,92.60611999999998
81.671,82.8994667634714,82.23270999999991
82.798,82.97106368456943,82.28756999999995
79.788,79.61013005201355,80.03585999999999
95.274,96.53285509600924,96.00970000000001
92.37,92.86163266324291,92.55145
82.392,83.84094933462609,82.42915999999997
80.872,82.78954409396624,81.42856999999998
81.323,82.70379866801082,81.77338000000003
82.572,81.80586398155714,80.59729999999992
92.64,93.27709069233069,92.61856999999996
81.713,82.71144433315825,82.38439
98.029,96.88923605656022,96.95730999999991
94.475,94.05162231600573,93.93205000000006
83.767,80.46329756783877,83.35460000000003
96.911,97.35055430450777,97.07335999999998
81.23,81.57233277696378,82.40897999999999
76.373,77.53894627474473,76.81206
76.933,78.03330505683086,77.7721
93.633,94.13128188449893,93.22853999999998
92.412,93.80336122003808,92.76641000000004
94.816,94.06363738564852,94.32884000000004
94.667,94.22076873532328,93.70584
83.322,83.58099776780278,83.33726999999998
101.812,102.78001415673026,102.80994999999999
96.695,96.40985918580817,96.70962000000004
96.769,96.61340398379794,96.13948999999994
92.785,93.54922336033206,93.32161
102.22,102.17984115817232,102.87738000000003
92.927,93.76756552244426,93.16310000000003
94.087,94.28072961805833,94.86856000000002
82.771,82.95137729830837,82.92213999999996
94.531,95.97726332499779,95.23186999999999
96.815,97.79546036822973,97.41060000000004
93.828,94.55434352906533,94.27925
95.922,97.00366060349896,96.80587
80.2,79.0693266248059,79.35434999999995
97.325,96.40473127401515,97.95694000000003
102.151,102.29430730805556,101.85932999999999
76.847,78.05217983454905,76.48601999999997
93.375,93.39938078061479,93.45353000000003
78.731,79.20363332050617,78.1157700000001
80.307,80.20312595745938,80.45240000000001
83.165,84.47365392458319,83.61651
95.082,96.00314115913471,95.24273000000002
82.006,82.97685895234993,82.90833000000002
80.012,79.33575348801767,79.06404000000002
83.215,83.01663689356496,82.47585000000002
97.361,97.49268723916467,97.28593000000001
93.792,94.5262092534286,93.79883000000004
80.769,81.39436118747798,80.60943999999994
96.181,96.03497339952304,96.31711999999997
81.773,82.42070579821272,81.55102
93.327,93.87547429273579,94.05294000000008
81.303,81.27443807937415,81.17625
93.078,92.41979706148987,93.30063
102.627,102.33068370091242,102.69760999999998
82.712,83.4328220145274,82.93688999999999
101.282,102.61844122954015,102.20208000000002
78.399,79.05780599161477,78.08943000000005
83.449,81.05505898744826,83.06617000000001
80.19,80.5375317390143,80.46256
96.551,96.65460484956894,96.7569300000001
80.726,81.56600406527323,80.76405999999999
94.199,95.48237208945892,95.56165999999999
80.791,80.31276115699777,81.43363000000001
96.425,95.0106263733582,96.09995000000002
83.241,84.28172177230493,81.55607999999995
96.662,94.39282840154137,95.98625
81.137,81.43007493914564,80.99375000000003
101.341,101.37292006132355,101.34897
92.201,92.71471235560534,92.35481
93.119,93.67853395052416,93.31939999999993
97.968,97.40382236777529,98.52711000000001
92.53,93.34546694774681,92.83571999999997
93.674,95.12653730742763,94.43812000000007
82.41,82.97115316480792,81.86695000000003
82.551,83.2733273172521,82.84387999999997
92.522,92.48531515125043,92.41082000000004
95.27,94.39050644342025,94.63109000000004
93.981,94.35136089120934,94.20704000000006
95.812,97.70923719464433,94.29464000000002
81.591,82.55502322447573,81.34430999999998
80.366,81.38625354282387,80.78737000000004
84.824,83.47072979699743,84.30553
98.141,98.40541524761255,97.79444999999994
93.007,92.24562075967489,92.77982999999999
96.821,97.16295279379291,96.55971000000001
96.656,96.0862118102893,96.97066000000004
92.474,93.80035841810862,92.51773999999997
82.745,83.15388880778542,82.79360000000004
93.731,93.86674580634437,93.95816999999997
78.094,78.90371852367639,77.67386000000005
93.423,94.15138283963101,93.56629999999996
96.91,96.06271118965532,97.20891999999999
96.966,95.838040959582,95.3457100000001
75.931,77.75826294986437,76.16797999999997
96.343,96.6663041775808,96.64773000000001
77.577,78.81216200633628,77.68811
92.384,92.59920227143917,92.56821000000002
94.892,94.4994102881002,94.83269999999992
97.393,96.27789978273692,96.36561000000003
76.596,77.5877849229022,76.21587999999996
80.753,80.40610047460714,81.69002000000005
101.776,101.31336057722116,101.31925000000003
99.944,100.78482925422435,100.06034000000001
82.583,82.78042936765786,83.19608999999997
77.326,77.93902932471775,77.99969999999996
96.263,96.28672327316875,95.89449
96.663,96.17603365092191,96.55876
96.699,97.35910024707627,97.23648000000007
96.242,96.7169458147277,96.37180000000008
99.32,101.50243068149346,99.82271000000006
98.645,98.81134756782207,98.59417999999997
92.753,93.31832998082363,93.69513999999998
81.653,82.24170807942363,81.65907000000001
95.888,96.63156700311458,95.40039999999998
81.037,79.65751117232767,80.90149999999997
96.564,97.14672186160038,96.64124999999999
82.025,81.66977324526208,81.92084000000003
78.633,78.05955030246099,78.63949999999996
103.002,102.82599194045754,102.97835000000005
75.162,77.3537586401186,76.04504999999993
91.405,92.57045066447375,92.42736
96.209,96.42725672809726,96.18744999999998
95.694,94.28809991120755,95.84035
96.135,97.12865628180006,96.46806999999995
95.361,94.69290700656124,95.61575000000002
95.278,94.48750513362224,95.46859000000012
96.58,96.59527971350187,96.28630000000004
96.475,96.73882083648044,96.80636000000005
98.204,97.37036938902635,97.85209000000003
97.891,97.85245467358244,98.03298000000008
80.817,81.28336084095966,81.14554
96.135,97.18223993384292,96.39050999999998
91.611,92.39153108607786,92.05719
102.528,101.83050729213139,102.67156000000003
96.704,96.52008720076245,96.37706999999996
96.822,97.65623124993195,97.17251999999999
99.437,97.63888899985017,97.94025999999992
85.644,83.25349666685361,93.08055999999996
97.232,95.5677756492724,95.47139000000003
83.286,81.55349943925681,83.93079
96.831,96.95992159166148,97.61153000000004
76.609,78.21010480610073,77.01441000000003
92.94,94.13131783910013,93.86828999999997
97.742,98.78643958042642,97.61161000000004
93.044,92.21678006504085,91.50079000000004
98.226,97.47083775389616,97.92523000000001
102.145,102.5502957882372,101.98480999999997
92.556,93.85298121840148,92.62310999999995
89.979,84.01462609870502,89.98860999999995
102.215,101.9187048301569,102.39131999999998
75.839,77.44127105572416,75.56309000000006
94.291,93.93528318690727,94.31731000000003
92.413,93.7681224377192,92.97531000000001
80.239,79.70208745334874,80.55099000000001
79.686,79.97545460397116,81.06087999999993
79.728,79.07621471514038,80.01863999999999
78.64,80.48604685338984,79.50089999999999
82.133,81.51279183556416,82.00519
97.435,97.79906328357174,97.39858000000002
100.103,102.87037399220938,101.44548
96.969,97.39954390483021,97.14054999999996
100.055,98.49132174211016,99.79896000000001
96.782,97.67605147873859,97.49548999999999
95.841,96.54255948511195,95.33460999999994
99.966,100.78521331097568,100.12299999999999
80.739,80.9833840478472,80.84939999999992
91.168,84.3716477901221,89.06420999999992
92.922,92.14524223568999,92.27445999999996
81.354,81.36975440925748,82.74789000000001
91.632,91.9269076292992,91.61805
83.471,84.05024053167517,83.28370999999996
100.397,101.01315166890811,100.07432000000006
80.394,79.87485736566188,80.33039000000005
98.253,98.33448479838162,98.04424000000003
95.59,96.24015365308692,95.98137000000008
101.646,100.39625258539915,101.45720999999995
100.691,98.97017013174,99.14684000000003
81.273,79.47073654499992,81.08075000000002
82.173,81.5896922318576,81.46700000000001
79.497,81.03500913688481,79.67432000000002
93.12,92.64400062145504,92.56581000000001
97.896,98.87592266210605,97.97086999999996
75.398,76.20160472270118,75.78397000000001
83.674,81.91809881461029,83.59911999999997
102.009,102.28431076865027,101.66825999999996
80.594,80.41028619019639,80.76281000000003
101.955,102.22236629122871,101.81447999999993
101.604,100.70820981303186,101.50526999999994
92.637,92.06394746904431,92.15939
82.364,82.16437105151479,81.64843000000002
83.313,83.38696643585638,83.1206999999999
101.11,102.38957461437717,101.73421000000006
83.953,83.36946884187662,83.65678999999999
91.997,92.21000240541136,91.96180999999996
78.449,79.17757730704128,78.72316
98.096,98.53855398444098,98.83054999999999
92.561,94.13095190872848,92.92958000000003
92.164,91.81482734513638,91.70999
98.213,98.81131179284472,100.07999
94.35,96.09567661004124,94.47919999999998
92.722,94.19169090135077,93.1143
80.397,80.85550431487925,81.26863999999995
77.143,79.0968170302143,77.33209
93.673,93.94287516916674,93.85402000000003
97.789,97.16536423873983,96.91534999999998
94.09,95.78484761169695,95.48794
81.132,80.84552904158255,81.52835
102.762,102.38407832450801,102.12193
80.836,81.51184930533633,81.30071999999996
87.909,83.05696414966235,90.17618999999996
81.471,82.42152514030838,81.34529000000003
100.179,101.17225002482655,100.44841000000001
94.525,96.02469740195662,95.23913999999999
83.44,84.21990152192025,83.60073000000004
82.025,82.70995685753203,82.11062
81.493,82.98198368802585,81.92282000000004
101.283,101.08394283377572,101.03884999999995
75.869,77.79339088762814,76.27400000000004
83.248,82.82608252079595,83.08840000000005
99.721,100.99338267034744,100.04108999999997
81.607,82.57851153416111,82.54221999999999
83.381,83.65929150010831,84.21474999999997
96.756,97.11405065890452,97.11352000000002
102.123,101.8129350195012,102.55203
94.802,96.7505057218147,95.90199999999987
84.394,80.51873999542615,81.69878999999997
96.732,96.57767575457595,96.18609999999998
81.293,81.17756324258649,80.78884999999997
97.728,97.35459662148438,97.33085999999999
101.306,100.8897908153692,101.22284000000002
97.744,98.28471112341327,98.00384999999993
78.358,79.83481121915595,78.43126999999997
97.662,97.18546762550729,97.16602999999999
82.978,83.39615700564579,82.59310000000004
77.305,78.26980291975835,77.36479
81.971,81.72108549426807,82.24710000000005
95.783,94.86948102014442,95.65580000000001
98.689,98.49434636172923,98.06736
80.462,80.31047503535349,80.75538999999999
80.767,81.62201748677046,81.29441999999996
100.416,100.94181263278189,100.4191899999999
101.647,100.77069533469195,100.22893999999992
82.102,81.25117770411227,81.52157
81.536,80.7070101469931,81.24689000000001
82.155,81.79402181970383,81.83845000000005
101.331,100.42590646428863,101.52439999999996
96.249,97.37336678413357,96.58571999999997
95.891,96.40222126804977,95.68311999999997
78.766,80.1696303708157,79.28903999999994
94.701,96.5511132971423,95.41109999999993
79.238,80.64378241073987,80.68489000000002
94.309,94.17535013523295,94.11078000000005
81.221,80.12846947961312,80.93932999999998
96.714,97.16463983401762,97.74491
82.013,81.05800802665009,81.95008000000007
81.557,81.54281882919625,83.07429000000006
96.456,95.1711017337877,95.51248000000008
82.523,82.29346266821634,82.59326999999992
101.335,101.51402350048633,101.06024000000005
93.569,94.13978148831147,94.23231999999996
92.303,92.3114639836001,92.33905
96.487,97.75739420335479,96.85182999999999
100.096,98.56148749934486,99.15290999999998
99.541,98.79654412056132,99.27699000000001
82.284,80.70283385196498,81.87624000000001
95.342,97.00004104077776,96.82339000000003
98.624,99.33483774527238,98.52762999999999
98.187,98.8956622506561,98.54042000000001
98.279,98.98809752603738,98.72256000000003
92.997,93.18306546271414,92.95643000000001
97.9,98.62896637814339,97.63664999999997
95.479,96.35683473101211,96.17341999999994
95.246,95.13569724124518,95.17537000000002
84.94,83.0626361679152,83.93760999999986
92.104,91.9715035003481,92.66071000000004
87.954,82.96567146780906,89.78317999999997
93.064,94.46542361244286,93.82423999999996
81.032,80.12693834919851,80.98722999999993
95.153,95.71904646166863,95.23293
80.602,80.87383737653576,80.46255999999995
96.223,95.90919153340091,95.87756000000003
102.413,103.29524829323829,102.86519000000007
83.999,82.5810165590552,83.62721000000003
96.714,96.71245716924233,95.70625999999997
95.107,94.75824290926144,95.24431999999999
78.177,78.7839881992246,79.07130000000004
80.979,80.8835132591135,81.13872
82.629,83.92312448940322,82.64545000000004
101.373,100.41333195635052,101.14346999999994
79.166,78.18578913571197,78.86460000000004
93.76,94.69442196525942,94.03409999999992
93.547,93.77603707254208,93.44641999999995
80.093,80.2020245347984,80.55819000000002
95.466,94.86539097397893,95.54278999999995
94.142,94.70741107373709,93.94705999999996
97.072,97.39711983658042,97.14190999999991
82.166,81.73661710479561,81.48514000000006
81.527,82.48783582177134,81.95714999999994
80.45,79.9033674726688,79.48929999999996
82.453,82.50390482945375,82.21626999999998
96.297,96.91162909994415,96.23564999999995
92.98,94.39363539030991,93.24377000000003
82.905,83.12708662284588,85.03775999999998
92.571,93.41916839920793,92.51018999999997
98.158,98.37622381025977,97.97343
85.295,76.06101348064838,80.53197000000002
93.775,93.65221765201008,93.7567
80.902,81.43008887847796,80.82208999999997
81.561,82.35728280285244,81.92427000000005
82.357,82.88402567084316,81.85544000000009
102.201,101.21323022835115,100.74449
96.732,97.74006925285991,97.76993000000002
81.812,81.1385185620181,81.92317999999999
100.686,100.52133145001292,100.41445999999992
83.447,83.98879806097804,83.36587999999996
80.45,81.23739809582335,80.51194000000001
94.379,95.08245887048382,94.86798999999998
77.126,77.36583560104276,76.52437000000005
78.219,78.49887887629265,77.55851000000006
81.078,82.66614867085963,81.5687399999999
95.479,95.16869969832159,94.80825000000003
92.85,93.84834549438374,94.07058999999995
93.642,93.04121170015979,92.73159000000004
84.826,83.95673849987786,84.86085000000003
78.425,78.10374968490692,78.64761999999995
99.022,101.03759385716921,99.34097
96.25,96.65583874304366,95.66327000000001
80.701,81.29800103158198,80.75374000000004
94.033,94.0613162843906,93.98397999999999
80.777,80.91112164842882,80.94704000000007
79.435,78.90319420425743,80.24414000000003
92.433,92.54157356925022,92.70424999999997
97.453,98.0480306164394,101.06951000000001
98.008,96.25315547055483,97.26534
91.627,92.42049044603668,91.82929000000001
83.879,83.60953436418977,83.57630000000003
91.727,92.49329759663115,91.64489999999996
78.405,79.34979322808726,78.36705
80.691,79.56346438884343,80.20408
80.613,81.41961138352849,81.49515
78.363,78.28140353003798,78.65435999999998
97.42,96.87220026495099,97.68179000000003
91.841,92.47689504960168,91.97578
95.014,95.09010509054485,95.84160999999996
78.778,79.06706583961491,78.52580000000002
101.549,100.39288670553678,101.42212999999998
93.929,93.66704294319754,93.62232
93.842,94.68321989601681,94.35385000000001
82.989,82.6283608895403,82.90564000000003
81.628,80.75607922985199,80.79123000000004
78.282,78.4981201979407,79.17598
82.708,83.20083352612524,82.7757
81.297,80.93232727229005,81.29784999999998
100.819,101.48294867631732,100.00213
80.448,80.4701913083887,80.36586000000003
80.45,80.26282571719999,80.50245000000007
80.675,81.47813060582368,80.58929000000009
93.069,93.50789777467341,93.83338000000002
84.086,82.85374954838804,83.05121999999997
120.904,101.3698094107545,112.29617999999988
81.449,81.22121990395037,80.91828000000004
94.923,95.64250284347798,95.36534000000005
92.455,93.26560762345258,92.71106000000003
102.305,102.47935579374513,103.47016000000005
95.162,95.89262840631308,95.48319000000001
81.064,81.32076779815787,81.77822
99.052,99.27944261954133,98.98869999999995
93.648,93.72692314183692,93.69375999999991
79.58,79.29396380526248,79.10166000000002
98.741,98.2421252424096,98.59791000000003
80.982,80.55228204480578,80.7594300000001
83.075,82.76809187566566,83.3674999999999
94.8,94.38485662726679,94.74562000000007
94.185,93.54793785696424,93.81190000000002
81.347,82.14677793191666,81.35340000000005
95.199,96.30167357247484,95.37598999999996
82.434,82.94806504421753,82.58499
92.774,92.41808380266389,92.52534000000003
98.769,98.9480593552296,98.92836000000005
80.316,80.32367945551707,80.62717999999994
97.264,97.88581934641297,97.78610000000002
82.031,82.2128149369762,81.87563999999996
81.563,80.00127266322212,82.79569
95.987,96.37266873851782,96.32131999999993
98.744,98.8100584954502,98.63678000000003
80.517,81.12733393932851,80.63905000000003
80.979,80.93970015927971,81.35891999999998
102.767,101.33736509651466,101.48809000000007
97.444,97.80672046455129,97.34643
83.838,83.41464360662759,83.5196
80.797,79.89491698957914,80.8133299999999
84.526,83.43119669326575,83.57882000000006
93.833,94.29799219173626,93.76113000000004
82.195,81.85716535755463,81.27613999999994
95.939,94.16412825664099,95.82428000000002
97.788,97.55817615101577,97.82793000000007
97.516,97.81663467417461,97.24130000000005
103.726,103.37676013232809,103.82049000000005
93.424,93.6619679279195,93.03149000000009
99.405,97.1453741276693,98.48089999999998
96.038,97.00235538497842,96.65471
97.59,97.51580538242776,96.83380000000001
98.014,97.41525673879259,97.93204000000007
81.715,80.21434205311914,81.16725
81.991,82.68153414558675,81.87625999999995
80.141,80.81743934122693,80.70090000000002
93.894,93.67004169914357,93.37214999999998
96.552,96.42439380436925,96.7437700000001
96.68,96.91187101633943,96.86781000000002
80.246,80.51382436406689,80.84008999999996
81.307,81.9563432311039,81.01909000000002
76.105,78.11784091848264,76.73710000000003
78.978,79.45921584611169,78.82524000000006
97.475,97.04485476269016,97.15406000000006
96.922,97.73882609791004,97.69404999999999
83.027,83.43720405164774,85.65329999999996
94.718,94.23246226075493,94.2211
82.939,84.09764422421233,83.22985999999993
99.487,100.22753841601693,99.41282000000007
98.533,98.66732982902376,99.21539999999996
83.364,83.65267818526718,83.82582000000001
81.964,82.89179795972372,82.17374999999998
93.304,93.21428238790321,93.54982000000001
78.605,79.92989517392587,78.92321999999999
95.713,96.90649756151834,96.07787999999995
97.179,97.17540449451917,97.40156
78.296,78.01164515265661,78.55183000000004
96.225,97.17586710635149,96.90912000000004
80.972,80.2714800041997,80.41830999999998
98.855,101.07318985965087,99.46047000000004
83.034,84.09923283832813,84.47502000000006
104.088,103.1728111224338,103.16933000000004
94.736,93.6586739852459,93.46815000000002
94.368,94.85006686823347,93.98623000000006
80.605,79.97152789229303,79.35463999999999
83.902,81.84544730260893,82.68813
82.52,83.19849254165725,82.38233
94.935,94.25506830117868,94.18610999999996
100.451,101.03030162101223,100.79998000000003
92.722,94.29771294538423,93.24068999999997
81.122,81.31534316001247,81.04904
94.334,94.58965147974878,95.03773999999996
101.429,102.10900920424397,101.76009999999998
92.453,94.154215484615,93.17446999999999
93.494,93.65749627156866,93.02606999999996
80.875,80.7064516676943,80.49649999999998
97.826,97.58768557613334,97.55386
81.183,81.69373728545364,81.45980999999996
81.769,82.47241791398841,82.83806
81.292,80.46600796357293,82.09100999999997
100.857,101.45240137747807,100.91817999999999
82.874,82.91042099060166,82.28719
100.619,101.03239750933618,100.80756
102.009,102.56476611645786,102.98191999999997
92.681,92.71414644512609,93.27383000000003
80.714,81.28224565886795,80.68521000000004
82.376,82.38814751675886,81.72205000000001
92.922,93.12603130462013,93.49661999999996
78.805,78.18387471355459,78.68218999999998
82.581,83.4828428337754,83.34885000000004
82.579,83.12360274317712,82.54350999999997
95.184,95.80688573873607,95.43423000000006
96.81,97.06086735781871,97.04187000000003
95.705,96.51613009726219,95.62688999999995
93.841,96.58231854986562,95.44071999999998
81.631,81.24013423312118,81.53104999999995
78.642,79.1020022772504,78.57645999999998
101.288,100.04069325659798,98.44662000000002
98.843,97.9448723764008,98.15144999999998
94.844,96.36244800582175,95.39760999999997
98.07,98.74892864313307,98.5592899999999
92.277,92.6444623636574,92.39654999999999
81.119,80.2330369008633,80.81416000000002
79.594,80.29188123050398,79.40867999999995
101.068,101.29623135051988,101.03726999999994
79.185,79.08245397559844,78.60379
97.329,97.12834489871628,96.99453999999993
92.748,91.96697301401147,91.99856000000004
98.032,98.69973367478708,98.42257000000004
82.415,83.09690519569683,82.40155000000003
82.338,83.00731900146222,82.0438799999999
97.635,97.62554150655788,97.35933000000004
93.674,93.8226354145966,93.71749500000008
96.935,97.04653831569125,97.14418999999997
80.896,80.49239175420021,80.94500000000005
93.194,94.88925217592879,94.03525000000005
92.536,93.8387638035568,93.89290999999999
83.467,82.86000830640182,83.01497999999998
94.067,93.77181091293369,93.84369000000007
99.172,98.44871844987695,98.73492000000005
75.836,76.19626243102438,75.74466000000001
103.456,102.4886409473727,103.63444
99.519,101.89151601133501,101.13319999999996
93.643,93.7965357009832,93.77930999999997
97.302,97.4784125938142,97.38131000000003
92.539,93.8506747080685,92.8211
83.048,82.6967972126485,82.94215000000005
96.713,96.7313158339326,96.53880000000007
92.053,91.90323920075781,92.03113999999997
98.919,97.87828260145838,98.50982000000005
103.132,102.30998768062523,103.02979999999992
95.853,96.64577322111965,96.03229999999994
81.045,81.74071325143653,81.44964000000002
79.37,79.35642190248673,80.04683000000003
80.941,80.13326259094785,80.83866999999995
95.067,94.79087058531023,95.28450000000002
94.119,93.90198664993594,93.84386000000002
93.915,94.03375826120244,93.77833000000003
81.029,80.87084898468925,81.72613
93.159,93.41890480257138,93.68400999999999
91.233,92.24294889610808,92.33422999999993
80.586,81.49492810859618,81.02402000000009
77.326,78.85181188104252,77.39375999999989
103.189,102.81010211940486,103.23948
100.496,98.91332876034481,100.08705999999995
101.472,102.59495061433944,102.20486
98.19,98.75644819158151,99.05465999999997
83.024,82.66128650320765,82.78121000000002
96.541,96.41606008054647,96.81746000000004
94.039,95.18282054804467,95.56822000000004
92.926,93.42723449432168,93.62680000000005
93.717,92.28917914976559,92.70871000000001
82.65,82.90450563729343,82.27991999999999
94.825,93.1578098609525,93.97724000000002
82.48,82.33353255177366,82.81778999999993
93.561,93.79131673491571,93.71407500000004
96.402,97.7447278801785,96.85248
81.023,79.26697367172424,81.15695999999997
100.881,102.57769703434285,101.80910999999993
81.457,81.65235676191838,81.16157999999997
80.748,81.96766570321003,82.57408999999994
91.284,91.90845223887327,91.72909999999993
99.31,97.21735747123086,96.88728999999998
93.794,94.19121947547978,93.65479999999992
93.229,92.48398929799238,92.76690000000002
98.837,98.45799162019095,98.39278999999999
78.382,78.21251874623073,78.2150100000001
91.499,92.74067016863083,93.02752999999997
96.233,96.83592912562042,96.56020999999997
82.933,82.48494689325848,82.47562000000003
95.593,95.61316207934073,95.19012000000004
82.756,82.52231609629443,82.89522000000001
80.659,81.54346841520099,80.43420999999998
98.191,98.43995280706925,97.78390999999999
82.444,83.54821649927443,83.11834000000005
92.933,94.40104409420324,93.26698000000002
82.016,81.82386655838036,82.01111999999998
82.901,83.16893075079989,82.86867999999998
96.963,96.8228697639107,96.96376000000001
80.821,81.62788243089358,81.20550999999996
96.375,97.23638440986352,96.71683999999996
97.507,97.67729902980408,97.40753000000004
81.074,80.33395497398799,80.61781000000002
83.234,82.94804229500514,83.26084999999998
95.263,96.29741245991113,95.56412000000005
99.234,96.62113674524309,98.95888
80.988,80.45338082266849,80.75381000000002
94.195,93.86810174437392,93.38042000000003
78.699,80.09944241867389,78.90512999999997
97.438,97.49450889823204,97.40908999999998
103.907,101.68621142213854,103.04592999999998
94.559,94.85568538087966,93.98641000000006
101.651,100.639189078722,101.53771000000002
92.063,91.28011396279948,92.71112000000002
99.03,96.75072802070872,96.82745999999997
78.185,78.4209338179636,78.68388999999999
96.231,94.99210214751322,95.89646000000002
78.347,78.31078603911341,78.34463000000001
101.052,101.0978056913318,101.50926000000003
96.922,95.57182835485901,96.70306000000004
92.874,93.00107546274258,93.02291000000007
92.93,93.35175052772375,93.10090999999993
82.941,83.16720641666919,82.91589999999992
102.396,101.4853915944908,101.62903000000011
94.811,94.33410205630571,94.53173000000004
93.399,94.07048831031986,93.55909999999994
96.201,97.283922751204,96.61539000000005
81.73,81.36699383470085,81.26251000000008
92.143,92.65306131088022,92.4383
83.198,80.36863206991015,96.49917
76.314,78.14797607928239,76.39169
82.238,82.6113863049418,82.42739999999999
98.361,98.89814803274611,98.55464
100.392,97.47902907761188,98.42095000000006
95.937,96.83230766877242,96.06628000000006
78.999,79.16853587440667,78.66579000000002
100.394,101.05590518671013,101.02011000000002
97.721,98.85539758921075,98.38373999999997
92.506,94.05628706628785,93.18167000000005
98.968,98.38329457177701,99.76390999999992
96.282,96.64887341737085,95.46533000000001
94.576,94.51036163512865,94.57430999999998
96.353,96.68030726273747,97.09059999999992
96.945,97.13488425063505,97.67105000000001
95.898,96.51704698412058,95.27990999999999
92.711,94.17268847097391,92.79587999999995
100.944,102.13271425594675,101.39469000000003
92.778,93.40698185225497,93.40767999999998
77.213,79.079320833377,77.20603999999997
96.378,96.8475034861055,96.78437999999993
100.798,97.97280740517225,99.74569000000008
83.117,82.59180014851923,83.02047000000002
82.433,82.43000666158004,83.03547999999995
80.553,80.99445737694104,82.34835999999991
79.775,80.37838161819582,79.82564
80.763,80.24860131325875,81.10051999999997
78.225,78.82070398655316,77.98069000000007
81.588,82.5506982655292,82.70388999999999
82.436,83.35594414129969,82.33218000000002
82.756,81.30146994663934,82.34930999999999
96.636,96.8469548818658,96.63653000000001
96.614,96.89707010538882,95.73479999999999
95.432,94.75972229922216,95.38272
80.357,80.59754809193537,80.88749000000001
83.038,83.0064203681834,82.98988000000004
97.652,97.71662308945142,97.65148000000003
83.473,83.74214124880459,83.08803999999996
96.008,95.67135997838815,95.13240999999995
98.062,97.36819311375446,98.11283999999999
82.339,82.10276000607689,82.60256000000001
98.968,98.61777801223099,99.00576
81.161,81.19477008677745,81.06384000000001
81.714,82.78296170070857,81.98337999999994
79.295,78.88362684080288,78.76871000000001
81.238,81.14676423217941,81.88088000000005
95.632,97.11590574877228,95.96234
81.65,80.51249014622934,81.56974999999996
80.701,80.86882252248576,80.57608000000003
80.284,80.14456887391842,80.94677000000006
81.638,83.08888530202194,82.36402999999999
79.194,80.62459700467915,79.58774000000001
81.422,81.74872002716963,81.36776000000002
96.847,97.91546003915754,97.59766000000003
97.838,98.78028857738357,98.11480000000002
101.513,100.67109519051812,101.39666000000005
81.307,83.26468131446018,81.94323999999993
82.261,81.97697414468519,82.29562999999995
83.698,81.81432057989181,83.89522000000001
78.706,78.2072379371566,77.19187000000004
76.914,77.27245504242603,76.86498999999998
81.888,81.80878418705923,81.32064
93.722,94.58706539888728,93.99122999999994
98.874,98.70333041544697,98.78521000000008
78.326,79.49639554796006,78.75058000000001
95.238,95.62900998866573,95.04185999999996
80.481,80.72090325265512,80.26851999999998
97.752,98.52331849492282,97.59482999999996
94.621,94.54447900982336,94.42286000000006
96.766,95.24601104885852,95.60678
100.38,101.12053774806414,100.83572000000004
80.649,80.61175274044294,82.24235
82.013,82.92044210900161,82.79870999999997
81.362,82.43019134737446,81.55005000000003
83.04,82.96432386005323,82.69975999999991
95.808,96.72037056101496,95.10039000000002
82.113,82.89974634049206,82.85413000000003
80.964,81.14637636849854,80.67593
91.589,92.99307940802935,92.68402
98.576,98.92553247074825,98.53427000000002
91.455,92.51883875505676,92.16506
82.355,82.64087578039391,83.63510999999991
83.299,80.62078035332432,81.49436999999998
100.119,101.53592256653741,100.65199999999999
93.554,93.64684455599597,93.48308999999999
97.749,97.36017818743305,97.78968000000003
100.748,101.02513928432882,100.55161000000005
97.774,98.46499509325156,98.21301000000001
83.386,82.13323620814205,83.95834000000002
78.62,79.01803141803128,78.52400999999992
81.399,79.50735611529791,79.39779999999998
81.938,83.2901188249526,82.82829000000004
101.366,101.18522113359832,101.02201999999996
75.558,75.07293968158204,75.67310999999994
92.113,92.68193107535052,93.64149999999994
101.625,100.28393960196651,101.40804999999996
83.013,83.35498762011045,82.6416
92.646,92.96353737636566,92.66038
83.036,82.19684481739888,82.64958999999995
81.287,82.59647315296053,81.40113000000004
98.857,99.63244172282207,98.69974000000003
80.798,81.29784396692261,81.74252000000001
100.69,100.87158526377934,100.45404
101.297,101.28771562903411,101.4365
82.4,82.95602797088648,83.96417999999994
82.518,82.50400813472207,82.62389999999994
98.61,99.31976023763139,101.5578499999999
98.364,99.50957584474396,98.54356999999999
80.849,80.17219138830966,80.85728
95.969,95.35220800390039,96.23386000000004
94.631,94.29671638853883,94.22688999999997
82.508,80.44645165252712,81.78849000000005
96.657,96.0236807415329,96.52884000000003
92.994,93.75044521772841,92.57573999999998
103.022,103.53897524434761,103.04448000000009
82.834,82.59590989946467,82.80334000000002
92.027,92.69471981339301,92.31161999999999
96.853,98.22550879043993,109.6936
81.871,82.41436349582509,81.61104000000002
94.277,94.00058081559203,93.96589
94.373,94.34958512780679,94.22368000000007
95.099,96.49517849453622,94.43039999999993
94.405,94.33794462791339,94.20920999999998
96.801,97.25080609607795,96.90618999999998
83.506,82.22877171189756,81.80017000000002
93.033,92.46534878266637,92.67414000000002
95.216,96.91287667066696,96.23100999999991
82.921,82.53046852237722,83.01257000000004
82.479,82.92189767566431,82.75596000000002
92.947,93.32891955117168,92.73013000000012
78.784,79.67045072733849,79.22098000000003
96.681,97.1439554785513,96.48621999999999
92.315,93.05188671321389,92.44641
93.068,93.7053543263396,93.03750000000002
81.366,79.82569146740134,81.30098999999994
101.916,98.240320333978,99.70177000000007
98.707,96.98007294603693,97.29371000000009
78.977,78.21689447230644,78.72145999999996
96.092,96.69345110387391,95.24859999999998
83.022,82.64204864755655,82.93622
92.975,93.48820972195482,93.44717999999997
99.093,98.96884648567526,96.85303000000002
92.61,92.17620924764422,92.02949999999998
95.458,96.48522060395702,96.63739000000004
94.071,93.98912576384404,93.85248999999997
102.314,102.16991388489936,102.34241000000009
82.225,81.62755309546839,82.49733999999998
92.457,92.06580455723727,91.67921999999994
85.354,84.04968032471263,83.28132
94.577,93.87443731506677,94.68706999999999
82.892,83.13369196848102,82.65968
101.535,101.37505609103269,101.40495999999997
96.238,94.95597914807773,95.71187000000003
94.94,96.0466029679769,95.60925999999999
99.614,100.63046191923397,95.41787999999995
81.764,81.57122803287972,81.99138999999995
91.074,91.88987141231318,91.40981999999997
80.928,81.60336077097732,80.92811000000003
101.67,100.92620910620796,101.11233000000004
98.062,98.35620050458941,97.24882
99.58,98.73672153245843,98.97097000000002
94.497,94.84229052628432,93.98561000000012
96.251,95.18101594762562,96.47340000000005
83.806,81.07263504722548,84.19931000000003
99.508,98.95703487463678,98.91951999999998
99.3,101.02347992745742,99.60588
78.445,78.63769601739168,78.37864999999991
97.777,97.24657035453846,97.86770000000004
98.587,98.54426261547843,97.97277000000005
92.167,92.0087965596222,92.70934000000001
96.187,95.93250006378018,95.97494000000006
93.838,93.37614869440779,93.62785999999997
92.491,93.63730110356225,92.69860000000006
94.961,97.91200347682354,94.5412
99.248,98.22197548477084,98.26665999999996
96.799,96.70976252872907,97.79831
102.441,101.88518664909964,102.33694999999997
100.654,101.05380953476383,100.29379999999999
82.569,83.25347003190801,82.36399
98.226,97.36729448047564,98.42065999999997
82.126,82.78591452744926,82.24694999999996
81.433,80.54199769345018,81.57188000000002
77.279,78.00699052389747,77.18739999999998
96.556,96.58608620864385,96.77283000000006
83.731,83.64715487560832,83.86310000000009
95.703,94.98497034458751,95.34925
93.248,92.93979273664645,93.05308000000007
102.136,102.95818337930046,102.12275999999999
98.704,98.73317959679605,98.14532000000001
94.337,96.40519509234548,94.97902999999998
96.901,97.58887721182745,97.22991000000009
81.328,80.96940632975783,81.03945999999996
94.431,94.36533784587775,94.53022000000004
80.589,80.70540206899199,80.65877000000002
93.673,93.77010070885979,93.57321000000006
95.325,94.79312768501276,95.22245000000007
95.856,95.84715612056479,95.06632999999997
82.927,82.33713945413584,82.67700999999994
95.266,94.65035101747625,94.9169
92.645,92.53291816956417,92.12131
81.243,82.830216254406,81.95915999999994
94.885,96.2083406834011,95.24718000000004
95.635,96.81886329119804,95.88860999999999
81.771,81.7312598782326,82.37088999999996
77.06,77.8346999138278,77.76521999999999
82.962,82.46162477397085,82.62993000000004
81.812,80.78902910317076,81.38921999999997
79.796,79.24192132923085,78.51392
93.452,94.11915279418389,93.41186000000008
93.666,94.27033201231198,94.06445
81.513,82.01589156068324,83.36767999999996
95.118,94.0185507671449,94.69790999999998
96.026,95.88748334170948,96.17613
78.795,79.90965215348436,78.90211999999998
97.289,97.95337966087408,97.22091999999995
75.543,75.57070664347819,75.43169999999992
96.654,97.39479092330038,96.68231000000002
94.465,94.02752639278924,94.21248000000001
82.274,81.35913439316478,81.99100000000007
81.279,82.9808513776311,81.72887000000006
93.924,94.46995315670412,94.05171000000006
74.748,75.68988896360167,74.99201000000009
93.621,93.1798049715696,93.74382000000003
91.449,92.66511376822189,92.60265
92.195,92.44686450021727,92.57985000000004
92.981,92.58638405265071,91.85906000000004
97.75,96.92649253487248,98.3044
81.455,82.77209805447434,81.41665
97.558,97.60375412399816,97.5434399999999
103.392,102.65963105817059,102.86294999999997
95.285,95.88739681193576,95.78360999999997
98.138,97.64315793720273,98.00913000000004
96.975,96.36015166459104,96.77157000000003
90.643,91.58272146049981,91.20843999999995
81.464,81.8374213529584,83.24534000000003
82.589,81.94957289857953,82.40542999999997
103.797,101.75536110732745,103.33841000000005
81.51,82.52312421167395,82.09307999999999
95.152,93.87610211585817,94.79277999999996
94.085,94.81777805444561,94.17117999999996
92.769,93.60334831114872,92.39931999999999
96.654,96.00068184395802,96.67145999999995
93.793,94.36651294770351,94.76649000000002
93.694,94.33482558581608,94.44037999999995
77.874,78.75149442831035,78.27832
82.776,83.18064562327211,82.46928
96.692,97.13232355334061,97.64710999999996
80.89,81.36057273607068,81.51451
99.837,99.98373025574222,100.74108000000003
94.798,96.29684062229494,94.97514999999994
81.907,82.81735809053153,82.38943
78.64,79.6144122550754,78.60965999999999
91.822,91.53917453492585,91.83100999999999
83.606,84.08172521819833,83.20867999999997
95.793,96.72811786836073,96.65223000000006
79.457,79.54758789773493,80.21345000000001
82.634,82.69422212377197,81.86889000000006
79.281,79.1554613766699,79.15383000000001
83.693,82.74050407989353,84.68733000000006
81.089,80.92439615542648,80.82296000000002
93.151,94.4470235669493,93.31751000000004
93.717,93.51165936366458,93.69960000000005
83.138,83.01075066986455,83.16514999999998
79.869,76.57704459337324,80.25909999999998
81.867,82.81555968388051,81.83665000000006
83.71,81.26138012550865,81.92784999999999
97.273,96.91721681824382,97.48302999999989
79.571,79.8040479424625,80.45353000000004
95.118,95.15168261439584,95.9711
93.711,93.54202179964838,93.70931500000002
82.795,83.82765584419738,83.27586000000002
99.245,98.44849382135732,98.84643000000001
75.159,77.54939568425729,76.14461999999996
80.817,79.347112693522,80.24473
81.153,80.7545396839146,82.50873000000001
100.299,100.93099214912147,99.89840999999998
82.312,81.4878709962382,82.28959000000005
93.983,93.5609110501471,93.87696000000001
94.178,93.79916519047639,93.73144000000002
76.082,78.01149127204951,76.38473999999994
82.268,82.54241638516669,82.02601999999996
81.446,82.87445583129322,81.13631000000011
82.909,82.63300649566895,82.36319999999998
99.552,99.12231862229855,99.44491999999997
98.655,97.53389109770937,97.74813000000006
81.988,81.51149542128731,82.50152000000001
80.652,81.54297241834433,81.26054000000003
80.783,80.86119533010682,81.78668999999996
95.668,94.43529486460008,96.20594000000003
82.454,81.87721364556742,82.31991999999998
91.885,92.04674688928232,91.72683999999995
95.709,94.27132132449557,95.54145999999993
80.209,80.98186321828089,80.43351000000003
83.045,82.84209260428891,82.37756999999996
93.278,93.91283099843986,94.03609999999998
94.307,94.36786370387652,94.60898999999999
82.889,82.73407426238415,81.61123999999997
84.242,83.30104425476665,82.8354199999999
81.61,80.80672216745737,82.46146999999995
96.644,97.08652510374804,96.69659000000001
82.647,83.7359341655073,81.60863999999995
81.913,82.0522122605104,82.17340000000007
81.038,81.49665657333482,82.11339999999998
95.383,95.45007204068801,95.53240000000004
98.989,98.41128139466242,99.38413999999997
82.959,81.49787061531256,83.23581999999996
81.622,81.56897472536912,82.05217
94.053,94.64110652511333,94.53884999999997
83.339,83.8579650730533,83.21441999999996
84.419,82.38700855988604,82.61171999999995
81.463,80.7600754630686,81.41186000000005
93.097,94.42886681320655,93.76380000000006
80.858,78.66395522212841,81.18515999999994
84.074,82.12416127710478,82.99716999999997
79.92,80.22955455427049,79.44733000000001
101.504,101.36626203363024,101.21292000000011
81.504,81.29770974900737,81.55034999999998
102.55,102.59656471369878,103.2447
93.015,93.13758355701952,93.08617999999998
92.17,92.17737790706363,92.00926999999996
93.608,93.16737038854981,93.65229999999998
82.718,83.66326164924284,82.87478000000004
93.705,93.60187945672736,92.79400000000005
96.437,97.35955214098149,96.55638000000003
95.741,96.28105263113169,95.81381000000003
82.923,83.27467292959005,82.6768399999999
99.343,98.26911256237398,98.86538999999999
101.998,100.5767803540426,100.96015000000003
80.395,79.33044197262984,80.83977999999998
91.724,91.94767510555131,92.1029299999999
95.113,96.35352560961763,95.51134999999995
95.429,96.4212105824311,95.77999999999999
82.254,82.71527391302484,81.79897999999997
103.095,102.80489095738606,103.59334000000008
92.935,91.90241689682972,91.92947999999998
82.624,82.67913073890757,82.15801999999996
82.715,83.17339956103316,82.67637
97.898,98.58489532463122,98.24764000000006
102.402,100.61507021156648,101.67300999999993
81.651,81.6523267749745,81.69998000000004
82.491,82.39744295220586,83.01150999999996
83.066,83.02421983666576,83.29274999999996
80.843,81.95693700078853,81.53693000000008
103.449,102.16051368329073,103.24014999999997
94.76,94.56471099775591,95.21116999999997
80.986,81.14346157218966,80.66098
94.539,94.18773443067082,94.07835999999993
100.404,100.87762511958479,100.47619000000005
80.323,80.43957168257131,80.45945999999999
99.841,100.69494421709966,100.06958000000003
95.723,95.02322087046282,95.62774999999999
96.518,96.62017369438692,96.68950000000001
92.483,92.09746275657842,92.36720000000001
92.205,93.11000802389111,92.32346000000001
80.337,80.24234858023159,79.54274
93.688,93.49760346961696,92.54622999999994
81.885,82.92938141134206,82.69632000000003
81.881,82.34982662454883,82.31486999999998
82.249,81.00294531976289,81.45246999999999
81.122,81.0049293250903,80.95382999999997
81.043,83.19570036173681,81.48195999999996
81.412,80.48873759659647,81.74415000000008
102.007,102.46134829060951,102.04821000000004
93.702,94.478118295317,93.89589999999993
93.139,94.46124340995051,93.22949000000003
78.31,79.22119969594183,78.44784999999995
98.463,98.30842004680235,99.0042899999999
79.375,78.92422324474752,81.49859999999994
80.352,80.75406498702363,81.32375999999998
81.443,82.34948182122416,81.72161000000003
91.039,91.84739092792546,91.69251999999994
102.597,102.47636577787556,102.64259
95.358,94.58086687102761,95.30267000000003
93.949,94.58636192081242,94.02846999999998
81.97,83.18372150398451,80.76360000000011
97.335,96.0088052227658,96.76266000000011
96.454,95.87694196410315,96.41994000000003
104.056,102.82120936476427,103.56116999999999
79.749,78.42126379373406,78.38944
83.232,83.58231118107281,82.98527000000004
103.261,102.8586645015874,103.38992
101.241,100.5348535678589,101.39460999999997
103.331,101.7489460460836,102.84866999999998
82.62,82.14377088690196,82.49629000000003
94.025,94.12147928224539,93.92421999999995
97.111,97.63817496172844,98.42406999999997
99.805,100.52321876156849,100.56477999999996
96.244,95.71048666730853,95.80668000000006
97.156,97.01779568379234,97.48213
92.392,92.69161894593393,92.87032
81.982,82.8901788058524,81.9751
93.162,93.76652493395287,93.29459000000003
96.85,97.55895897238598,97.12608999999995
81.404,81.32879571142831,81.26093
97.679,97.22875364514397,97.37285000000013
81.593,83.07823610872197,81.77179999999996
76.489,78.11459817386334,76.34689999999995
93.845,94.05904576672991,93.7036199999999
97.76,97.5535765312369,98.28067000000001
96.698,98.19517565956595,98.22936
78.512,78.3280531102831,78.06066
92.006,91.6985553412673,91.52532999999998
96.406,98.5096795815474,97.79955999999997
97.879,97.191597374713,98.30682999999999
93.395,94.13314358865262,93.207
96.691,96.82512897338911,96.74034000000002
94.797,96.15667039393622,95.14253999999994
98.977,98.4256634696664,98.11537000000006
82.109,81.8001073521311,81.57584999999997
82.261,81.7778009401668,81.96049000000001
82.795,83.0920704614131,81.81073999999994
81.254,81.45894158335335,81.77185999999995
95.302,95.48287011032963,95.50042000000005
80.877,78.68401270899115,80.98111999999998
84.081,82.03270327754406,82.81357999999996
96.546,96.09444582228987,96.30561000000002
81.738,82.75816496848002,81.81301999999994
83.292,82.86107917545309,82.98692999999997
81.016,80.53872228027387,80.94514000000002
93.261,94.04853063904555,93.88242000000002
100.919,102.37853993076712,101.25608000000007
81.607,81.31244766624302,81.30740999999999
103.187,102.50651988768179,102.07090000000005
78.983,80.34797983430988,79.07242000000001
93.607,93.8231345727705,93.73495999999996
94.013,94.20456543742924,92.74722000000006
76.855,76.78800144535633,77.54353
97.718,97.5607491636331,97.01525000000001
82.31,81.47004498574816,83.22305
103.136,102.94231372954633,103.48073000000005
79.594,79.65293074029137,78.36877999999994
94.132,94.264236306662,93.79582
100.065,101.31029815066096,100.24767000000008
81.549,80.94447091150528,81.10764999999999
83.369,82.8061271345391,83.62031
78.936,78.8665341399587,77.58011999999995
96.164,96.26020144908294,95.52863000000004
97.584,95.9967092486516,97.36220000000004
79.704,79.0937521099427,79.44709000000003
100.819,100.33071873314155,101.22181999999997
85.739,82.42252650537546,83.78240000000004
97.533,98.13384034082233,97.47751999999996
81.597,82.32304837180021,81.10754999999999
77.362,78.51723119908948,77.31082000000004
80.785,81.3165287297342,80.32953000000002
79.904,81.55252482767045,81.1759
103.461,102.22912978940607,103.78205000000005
80.15,79.75902382926441,80.12302000000001
93.144,94.73144643998039,93.76379999999999
80.57,80.35011183537904,81.53242
97.171,96.7299774645574,97.03623000000002
96.805,96.40153986063035,96.67301000000002
82.051,81.5359571616002,83.11115000000005
83.677,80.43612311605469,81.30291999999992
93.751,94.34327110110152,94.28185000000003
91.641,91.9815286239116,92.22657000000001
81.672,82.69755629757917,82.03923999999999
94.603,93.85463372850494,92.9084
79.28,80.02216107435048,79.18593000000003
91.289,92.18321117530753,91.91799
95.285,94.16879774424885,94.42648999999997
77.079,78.85573355430498,78.01084000000006
79.484,79.29653764695252,79.96251999999994
94.121,93.61388587734073,93.68007000000003
82.68,83.41495775879386,83.09283000000003
81.955,82.84067458330986,82.12864999999991
92.482,92.93144016930826,92.71510999999998
83.39,82.69270420772227,83.31057999999997
81.679,83.04496556206838,82.34614999999998
91.227,91.75909567537872,91.35878000000007
95.751,94.84366778955716,94.58471000000002
92.855,93.43725126502704,92.97801999999996
101.713,102.78005807192422,102.49322000000004
100.835,96.53523504333626,99.09038000000001
78.73,78.38392296823878,78.37504999999999
81.492,82.02191638097734,81.63582999999998
83.272,84.27846497387624,83.33970999999998
93.009,92.31777286947735,93.49294999999998
83.355,81.00629665372466,82.81723
97.363,97.68898883464777,97.64695000000003
81.998,81.98208179756169,82.57007
82.978,83.34721347854958,82.93799000000001
96.931,96.3524788865699,96.32926000000005
95.66,96.36255922209287,95.72895
95.805,96.15615061196624,96.56821000000002
101.94,102.42660145547865,102.83358
95.295,95.86902585824342,95.46282999999994
83.616,82.58695315649348,83.53131999999998
83.167,82.3898038840424,82.98731999999998
80.36,81.26763842315243,80.55386000000004
100.864,100.71428079396186,100.97242
95.611,96.17726755767397,95.74687
82.789,82.80509986674812,82.32198999999999
98.748,98.0615809558201,98.42257
76.921,78.01568284432535,76.42611999999998
93.521,94.09679343418486,93.99397999999995
100.988,100.85689092493115,100.81766999999995
93.239,93.94187543570608,94.03321999999999
79.533,79.03331771873005,78.81674999999991
95.828,94.77912686205903,95.05427000000005
94.336,96.72393381520618,97.13522999999999
94.94,96.00038673953698,95.10434000000001
82.153,83.05001944431913,82.27409999999995
94.857,94.48786392407244,95.26765999999999
98.769,98.69019728561804,98.70115
82.356,81.47621104174596,81.89817000000002
96.412,97.0552467857467,96.11341999999999
77.829,78.49298006018358,78.54174000000002
91.652,93.07358043393857,92.29203
99.537,98.20490366009655,99.58034999999997
79.886,81.95731735156274,80.36933000000006
82.528,81.83987834043,81.74386999999993
93.941,93.44615486926233,93.56502000000002
82.144,83.10890847063354,82.11553999999998
85.131,82.3431738167461,82.68381999999995
82.55,81.20371427113899,81.32563
82.371,82.88923134953637,82.33829
93.446,94.24779443642238,93.29687999999999
83.012,83.11514578264342,82.98087000000005
97.478,96.90295280633026,96.86378
94.382,95.27892222525819,95.78233999999996
81.605,82.70650191519113,81.78694
94.607,96.52845023438717,95.26236
81.544,83.231861642178,82.45852000000002
81.41,81.14099042354897,82.05033000000003
81.378,80.87503111075675,81.70727999999995
100.875,101.0320487598338,100.56237000000003
93.354,93.99671983895513,93.61386000000002
99.292,98.77425619592033,98.28163000000002
82.905,82.31275926353922,83.06951
82.708,82.22257900750049,82.73031999999995
94.396,96.76147818695358,96.14785000000002
82.738,82.45928420698462,82.48479000000003
91.952,91.58353497704685,91.74441000000004
92.656,94.04724235771234,92.99855
80.992,80.72555924588679,80.91853
81.496,81.09511473861807,81.76384999999999
80.695,80.53717293090372,80.58997999999994
78.624,78.23768162134144,79.40619000000004
92.427,93.8010741868714,92.68546
101.416,101.64781033057466,101.82238000000005
92.763,92.97596778425132,92.80276000000005
93.631,94.2680719874833,94.01074999999993
82.565,83.19621959551671,81.47165999999996
96.983,96.72277608408959,95.72610000000007
96.465,96.12424483972002,95.52693
92.557,93.87736018541135,92.78273999999998
80.615,81.60149763886483,80.90088999999996
76.771,78.17823488237954,76.61389000000001
82.879,81.91345231208147,82.11693999999997
83.459,81.97348707239206,82.34457999999997
79.321,78.80930909649877,80.31935000000006
82.544,82.79012137184876,82.56171000000003
96.1,94.78529933101377,95.93816999999997
96.823,97.20853303307462,97.3744300000001
81.849,82.44069834042506,81.89486000000001
82.415,82.30040250113402,82.90286
80.546,80.9408637877331,80.53857000000006
82.597,83.6226354920693,82.88145
82.762,83.64291334929757,82.40492000000002
91.513,92.43345179336768,92.17592999999995
105.678,101.59828074544632,101.35938000000002
101.077,101.67416859486046,101.76316999999993
83.138,83.65165492611749,83.16428000000005
95.616,94.96465169514919,94.55220000000008
92.153,92.95545732324997,92.40176000000007
80.562,79.51316299445074,78.80709999999999
95.119,96.23984046684947,95.05887000000003
93.571,93.81525147902887,93.82474999999998
92.911,94.07928366196575,93.87651000000001
95.367,94.92231844631542,95.60969999999998
101.366,100.60770085983854,100.98826999999994
82.175,83.4522853726967,82.48608999999996
101.672,101.4342025869362,101.30516
92.715,93.92650626128672,92.82686000000001
100.366,100.52179338449528,100.22992
82.435,81.3945402573226,82.26596999999998
95.511,96.25541653547081,95.59098999999996
97.091,97.86549427053525,97.82943000000002
101.376,101.17512924095048,101.42137999999998
82.218,82.55327739596666,82.32938999999993
95.317,96.27134617051108,95.40476000000001
81.909,81.4935506557166,81.00966
92.565,93.0091727412908,93.06471000000005
78.133,77.70590037916425,78.41254999999997
94.457,94.03201337577465,94.3196400000001
97.066,97.29214518000764,97.05929
96.779,94.51862385657185,95.28528000000004
82.589,82.77270267599975,82.81695000000002
101.308,102.105771899891,101.37199999999999
93.814,94.43062102186612,94.24913999999997
81.561,81.05049726558269,82.62791000000004
92.831,93.48621258143801,92.48005999999995
100.53,98.14752734167561,99.16886999999993
83.192,83.14780650797658,83.09394999999995
101.754,102.65039095348486,101.96586000000006
93.081,92.77209661548844,92.87278000000003
81.122,83.02442403102839,81.92613000000001
99.78,98.19300193918941,98.68051999999996
81.099,79.21942990231909,80.89877000000003
80.646,79.86600050066357,80.87561
97.033,97.68010135603063,97.73490000000004
82.573,82.32973253100974,82.13901000000006
83.471,83.0197655724877,83.12577000000003
94.077,93.66852900264833,93.84862000000004
82.672,83.39870472727968,82.16299999999994
83.216,82.62167817882843,82.24449999999993
98.134,98.86943912539783,98.45341000000006
96.296,98.51056580139014,97.35515000000001
83.742,83.56440670241344,85.06496000000003
97.542,97.13326964717307,97.40979000000003
98.12,97.61618900221634,97.53994999999998
95.16,97.0025854115318,96.37920000000005
100.248,98.96926356295089,100.78618999999999
95.619,96.80542137893895,95.60049999999995
93.207,93.23950188897048,93.20644000000006
97.045,98.14028921574344,98.23835000000003
80.543,82.35972607342464,81.31592000000002
93.135,94.34429496896719,93.15754999999996
80.395,81.50771722187358,81.43406999999998
79.024,78.32203042382802,78.41225999999997
97.617,97.40990315801591,97.09681000000002
101.522,101.28940216220448,101.81952
95.933,96.5890240958836,95.56372999999991
99.696,96.98572123346781,99.90350999999998
96.149,96.90124231431446,96.42407999999992
80.347,80.65438396755705,80.97006999999999
82.656,84.0963976039896,83.22902000000002
93.029,94.57010620287194,93.87095000000004
95.424,95.00860504431952,95.81404
80.031,81.25757391640184,81.04530000000011
98.76,98.82458941673187,98.16359999999992
76.402,75.74536135210857,77.02546999999998
81.334,79.63815802040298,80.96483
82.441,82.33694964132944,82.43182
92.857,93.13563362117138,93.02429000000011
82.977,82.7464246125315,82.92027000000002
92.708,94.05961905282172,93.05333999999998
101.471,100.79846752520709,100.61067000000004
97.791,97.78781329686102,97.82112000000001
80.502,80.6988910441026,80.89687999999994
99.55,97.58321523392519,96.87706999999992
82.212,82.72540756479518,82.07745000000003
95.057,95.73951343342333,95.44584
92.749,93.59578828011948,93.03396
83.122,84.32494078148751,83.37691000000002
94.061,94.05871309633586,94.32417000000007
78.337,79.15891703195497,78.40912000000002
92.188,93.09925539772149,93.01575999999996
97.122,97.43467139480619,97.64055000000003
82.182,81.9225712621272,81.98807000000005
83.012,83.09981865818004,82.62339999999993
80.655,79.91643791154439,81.39368000000005
81.867,82.85090225401454,81.85493999999998
92.392,93.86887304867246,92.54480999999996
78.136,78.96225704899351,78.22649000000004
82.804,83.74861980467689,83.27998000000008
102.616,100.91411373927714,100.65805000000002
91.672,92.2977248544131,92.13616000000006
80.781,81.19833710539541,80.96736999999999
92.504,93.98650336509006,92.85602999999993
82.109,81.76909612467891,81.89497000000001
96.071,96.23354799825856,96.00975000000005
82.067,81.75610138742006,81.52040000000005
80.585,76.207936173237,81.23125999999998
96.336,94.90965873809336,95.42793999999998
79.795,80.43848402992403,80.64631000000003
83.445,83.0910275299427,84.27550000000002
81.307,80.91426551898144,81.83780999999998
94.345,94.21559969869901,94.22580000000002
81.706,81.6396497004235,81.87290999999999
82.219,81.5118316734578,82.05495000000005
95.145,94.64851823267803,95.10739000000007
92.389,93.72968344305423,92.98473999999999
82.111,83.23041840075845,81.97248999999998
93.291,92.32859158596254,92.98973000000007
81.181,80.42147173224642,81.13343
92.045,92.0904232452826,91.82501999999994
83.301,82.79806419225781,83.65618999999997
78.86,79.56749483791876,78.61751000000002
96.481,94.7165262885293,95.16308000000001
95.353,97.03255826513896,95.81465
101.902,101.04263765016483,100.85186
79.275,79.14682150583238,78.80231000000003
82.686,82.60409605680348,81.88424000000003
96.622,96.75995272831025,96.61768999999997
81.427,80.35433556398611,80.81797
82.304,81.92111831759459,82.40077000000001
79.616,79.83987935830112,80.65256000000008
80.948,80.96580760898364,81.00419000000001
99.932,100.98656659997384,100.11686999999995
82.868,81.68253408741981,83.13372000000001
80.705,81.47056020868753,80.77367999999997
82.176,81.39473717959245,82.57804
84.707,83.94008967112627,84.26128999999996
94.455,94.05260524835313,93.46893999999993
80.384,80.63323170560994,80.15900000000002
94.26,93.78491840924399,93.87895999999999
82.769,83.99789826400489,83.30915999999999
93.462,93.11910936250258,92.52834000000003
98.595,98.72167774799384,98.82399000000001
104.061,102.24854746514075,102.97917000000005
82.649,82.71754536099212,83.54092999999995
95.979,95.69063321592188,95.87470999999998
81.075,80.01792646456596,81.11408
99.198,101.53293865990729,99.82335999999995
97.233,97.8875437832731,97.56035000000007
98.172,98.59291410464691,98.32940000000009
97.741,98.61650847063046,98.26185000000004
91.177,91.67732812880385,91.82502999999997
95.133,94.4001090389259,96.15993999999999
79.397,79.58350471779377,79.94453999999995
83.939,83.25508877660249,82.51036999999995
92.275,92.53522113716586,92.65581999999996
79.61,79.99790647858167,80.36750000000006
77.296,78.04707591034764,76.84380999999999
92.896,92.60131238383897,92.59689
81.227,81.49558616121173,81.76775999999997
81.298,81.18321691717227,80.00455000000004
96.871,95.13963442910817,96.02205999999997
83.653,82.0596563439019,82.46520999999998
101.128,102.62318966411048,102.92412000000002
83.336,83.03185713915366,83.13213
97.76,98.47168894928654,97.76701999999986
97.095,97.28473995491369,97.44214000000005
83.571,83.83161865492463,83.29481999999999
96.129,95.8799541902064,95.08942999999994
95.149,95.842171648435,95.18838000000007
83.322,82.41624637969039,82.58737999999998
93.277,93.48241511742084,93.24092000000002
95.087,95.9463150690434,95.18744000000002
76.328,77.6927519780932,76.46615000000001
92.029,93.95930926219404,93.03159999999987
95.827,95.27940324719353,95.21869000000007
99.457,99.19603925355517,100.11365999999991
99.682,101.29205602280138,99.6786100000001
94.731,93.9605834404794,94.39916000000002
96.485,96.91472447415121,97.19055999999996
82.532,82.6152455953299,82.78050000000005
96.97,98.38808469333762,97.14519999999987
94.127,93.91343678650101,94.02143000000007
100.197,98.30163081301731,99.48722
78.994,79.12000977569392,78.65592999999998
95.543,93.93596998661698,94.20483999999999
80.591,82.15617908217669,81.22597999999998
98.689,98.62919284802555,98.27745999999996
92.171,93.36796034575951,92.63349000000005
82.953,82.85580328207371,82.73710000000001
78.762,79.6712439358117,79.24980000000001
83.276,82.55065480027315,82.76175000000003
82.858,83.16519813715044,82.62415999999999
82.204,82.79182045098378,82.96696000000003
81.672,81.51779950427945,82.16237
92.632,94.07242458025098,93.03896999999998
78.499,79.62824150355695,79.76364999999998
100.22,100.96492252915782,100.48763000000004
97.571,98.75623960385039,97.00431
93.807,93.58583091761872,93.58822000000004
92.739,91.85132079944427,92.46899000000002
98.103,98.89146528034652,98.51231000000003
96.564,96.5748752943288,96.50186000000004
91.372,92.46088151399272,91.94416999999997
94.225,94.21503089040988,94.18749999999999
100.78,100.9049663453155,100.46626999999998
129.289,98.94222663154711,99.76034000000001
96.243,96.48285377755708,96.55405000000005
101.749,101.37176264498133,101.3064500000001
102.002,100.7623780603547,100.67829999999995
96.003,94.98146029506495,95.24734000000002
83.085,80.82215162146956,82.23293999999994
94.194,94.39765016669037,93.84652999999999
80.698,80.84573265235525,80.76648999999996
95.536,94.3054488927348,93.31634000000003
75.228,77.17030665970901,75.46107000000005
78.943,79.61504506801435,78.51897999999996
94.307,94.28969317495559,93.9978199999999
94.311,94.32790039144372,94.15152999999998
83.624,83.99894118661977,82.93892999999994
94.996,96.03950679989964,95.52426
83.31,83.45324191153063,83.25187000000004
97.201,97.06827656876636,97.68845999999996
92.836,92.01300719156055,92.76160999999998
80.899,81.61831721872335,80.78873
100.024,101.4592303386559,100.15577000000002
78.207,79.76631558831342,78.13883000000004
82.157,83.19627126287756,82.35422999999996
79.876,80.55535249381883,79.64729
100.177,98.7370108380736,100.05518000000002
82.918,82.11977331934715,82.09919000000002
98.048,97.45797926982218,98.22473
93.022,93.64442522338736,93.08815999999996
99.582,98.34151734357481,99.70428999999996
91.546,91.64975862467807,91.66803999999995
81.391,80.79000631561308,81.11787000000002
93.593,94.02659686243447,93.65704000000001
78.824,79.94505521655032,78.57187999999994
78.882,79.61750337102468,78.92687000000004
93.945,97.07241569690498,97.25671000000004
85.217,80.4756846163807,80.39571000000001
98.01,98.77408746345478,98.57746999999996
92.858,92.25360755118734,92.18008000000002
99.949,100.716088924189,100.1930899999999
83.207,82.98537250095588,83.00224000000006
84.026,82.76021173575779,83.48711999999992
80.083,81.00185576049323,80.37045000000006
82.243,82.92920481239995,83.01264999999995
95.698,96.52903167495587,95.87644000000004
94.906,96.03126573779748,95.82906000000003
82.504,82.06225509925946,82.50262000000001
91.941,92.12510780482586,91.69540999999994
80.923,81.18030464057787,80.74856999999992
96.243,97.25075843942967,97.08775000000007
102.115,102.912486725822,102.83224999999999
79.361,79.82465849045957,80.05088000000006
81.265,79.29584652526273,81.09565999999995
81.528,80.31272476057579,81.42129999999993
97.944,99.01705169799374,99.39351999999997
78.623,78.92572215508004,78.02661
87.448,83.59169349479316,82.5105
92.395,92.71767076833997,92.51531000000001
81.649,81.39660019526566,81.73580000000003
103.951,102.78340222409973,103.59564000000002
80.912,80.05869348750414,80.71794999999999
93.092,92.38114649940388,92.88494000000003
95.378,95.12913942237313,95.75384000000003
98.612,98.6001974180845,97.9803800000001
94.681,94.68128435423012,96.09443999999993
96.723,96.62826812172845,97.52699000000001
95.739,95.50375421051027,95.96072000000002
83.368,82.49893012620475,82.35294000000005
80.336,78.20014351516794,80.15011999999997
97.256,97.11544593119834,97.19391000000003
99.744,99.10419266578916,99.51463999999994
103.105,102.65370133038788,103.44643
97.046,97.33032613956979,97.56515000000005
98.346,96.97690032195956,98.29818000000002
95.649,94.29665067685919,94.87338000000007
92.484,93.72435956038365,92.77751999999992
103.032,102.74939952830837,102.86926000000001
82.688,82.44710802354572,82.92927000000002
92.689,93.69974803805552,93.24266000000007
